id;type;events;finished;entrance;start
552e0371-b50b-4059-ba09-22e4b2a1532d;T16;orchestration;false;24952;2022-12-23T06:13:08
79796c81-05bd-4783-b566-beb475ae030b;T4;connecting cross-media 9(E.U.A.-9);false;51390;2022-12-22T21:17:11
7a11906a-a673-44fc-9a36-656398809968;T8;synthesize encryption;true;39512;2022-12-22T18:18:17
ff053f4c-ea96-4e0c-aebf-c5aa7e459b29;T8;Officer Meadow Ethiopia;false;44421;2022-12-23T05:06:58
f52eaab7-41e7-4f0e-87f7-85c26482e20c;T1024;Savings Somalia withdrawal;true;84910;2022-12-23T03:54:54
adc1ae26-c0dc-4a81-b19c-bfd5301b0eda;T4;Horizontal;false;75827;2022-12-23T12:26:48
1227f9d1-8a90-472e-9989-1db9abb90283;T128;Gorgeous Arizona Configurable;true;76671;2022-12-23T03:17:48
c9023c29-6bd8-4484-b538-964a2749d3b1;T256;Oregon;true;12493;2022-12-23T12:57:01
c71f3556-f748-4ad7-9b9c-9c2c07e67ca4;T1024;collaborative Computers;true;63631;2022-12-23T15:54:20
32d23ac9-f13e-4909-a25f-cd62334edba2;T64;Technician Avon;false;60970;2022-12-22T21:11:03
