id;message
6f0711fe-8a93-46eb-a0eb-3b2c6de5ac16;sensor
1d4945b4-e84b-47ce-95e3-0b3ee0e6e00f;convergence online Infrastructure
824e6688-e110-4c4e-a874-c4ed1905b62b;Account Fish cross-media
127b9068-1233-4b1b-9861-93678612e138;mobile Borders
5244aa82-0974-46a2-9feb-a33b066fcbd7;quantify
478e8e8f-63cc-42d0-b5c5-3bb3a92a5e1d;Bedfordshire deposit
05ae15ee-bb80-41ae-a57e-e0437ca819ac;experiences Fundamental
100fc7c5-f15d-4004-8373-2d7b02d47a2d;experiences
21646fe2-95d7-4606-9adb-53f77302a4a5;Borders
9f9c2450-be65-4d31-9833-331fb9bcd8ce;Representative deposit Fiji
