id;news
2d37c1b9-3745-432e-8e5a-971112649ede;wireless
66d532e2-b251-4b1d-b82a-e599c195cf2f;Unions solid user
3a48f539-50c4-4a54-8480-c58385d98df2;Steel Practical
1ae844b7-59cf-4185-81c3-1351124a2f89;Division Hat
f06e8a78-9049-40d2-af5a-23624b5e02c1;PNG Global Baby
cf8525bd-f70f-4a69-b5ba-a72b6d58360a;bleeding-edge
3c9b8830-bbba-45cc-b926-c307ee870123;up revolutionize
fd806ebf-f044-4426-a87c-2d7e60251096;Practical digital
713435e3-3c59-4133-83d0-d67c47c3adf4;Rubber Home
9a756ba3-e57d-4faa-a847-1b5625af2dfe;auxiliary bypassing hack
