id;subject
b5c306cd-a43b-4d01-97f6-c80f9d1fab31;withdrawal quantifying Plastic
9234aaf6-02b5-4545-ac1e-76a20901a036;payment
25152b0d-2169-472b-9b09-8aa1a15c31ec;Group Handcrafted
ee0cb223-7fc8-476a-9b6a-2449bf365609;Loan
6dce8914-55f7-402f-a141-d8fcb08212fe;transmit
41ca1d7f-abd2-40ae-a27e-166fba15d010;Pula strategy functionalities
2c43a270-9534-4775-8cc9-70a560bcd2c7;copy harness Metrics
d39ffe55-92d3-4285-a253-a0a46af81dea;Kitts bandwidth-monitored Garden
68027dda-3ecb-40d6-9e29-0dbcd755a1ec;Cameroon Global
8d9cb7b2-6a6c-4c8e-9ebd-443ece464228;tan Cape
